Author,issueTitle,issueBody,issueComments
Admir Obralija,,,
Rob Platt,,,
Stefan Kolb,  fix linebreaking mimetypedetector improvements tab for remaining fields mac graphics 1771 show all supported import types as default file filter groups: searching for keywords field mandatory value not checked groups: searching for keywords field mandatory value not checked icons from material design icons not recognized icons from material design icons not recognized, evaluating the usage and problems of #114what is fieldcontentparser really doing? what is jabref style formatting? see #824- added a  stubbing library- added a redirection test- added a mime type variation test- changed detection implementation to  like it works see #454 4070 @linusdietz @halirutan  can you also take a look as you own a mac please üòÑ little bit tricky to get this done would have preferred a cleaner option but i still need access to some jfilechooser methods closes #6108 closes #6066 -  alert dialog triggered(  active info icons:![image](  inactive info icons![image](  dialog should not close when error dialog is discarded!@calixtus not sure if we have this problem in more dialogs the `setresultconverter` method will always close the dialog we want to go abck to the dialog if errors are displayed as alert dialogs  however we need to use `addeventfilter` for this i guess (am no expert in javafx @tobiasdiez) see dialog validation section at https://docsoraclecom/javase/8/javafx/api/javafx/scene/control/dialoghtml closes #6108 closes #6066 -  alert dialog triggered(  active info icons:![image](  inactive info icons![image](  dialog should not close when error dialog is discarded!@calixtus not sure if we have this problem in more dialogs the `setresultconverter` method will always close the dialog we want to go abck to the dialog if errors are displayed as alert dialogs  however we need to use `addeventfilter` for this i guess (am no expert in javafx @tobiasdiez) see dialog validation section at https://docsoraclecom/javase/8/javafx/api/javafx/scene/control/dialoghtml 6078related #5245@jabref/developers  2b760cddf53cceae54fd149774226461f5290daa caused this issue only icons contained inside jabreficons are available nowthe question is - do we really want this feature? not sure if changing the line back to ```        return enumsgetifpresent(materialdesigniconclass iconcodetouppercase(localeenglish))                    tojavautil()                    map(icon -> new internalmaterialdesignicon(getcolor() icon))``` will reintroduce the referenced issue ( feature also only makes sense if we have a dropdown with all available icons inside the new/edit group dialog imho(https://user-imagesentcom/2141507/76682572-845c6380-65fd-11ea-9384-8b105d66bd76png) 6078related #5245@jabref/developers  2b760cddf53cceae54fd149774226461f5290daa caused this issue only icons contained inside jabreficons are available nowthe question is - do we really want this feature? not sure if changing the line back to ```        return enumsgetifpresent(materialdesigniconclass iconcodetouppercase(localeenglish))                    tojavautil()                    map(icon -> new internalmaterialdesignicon(getcolor() icon))``` will reintroduce the referenced issue ( feature also only makes sense if we have a dropdown with all available icons inside the new/edit group dialog imho(https://user-imagesentcom/2141507/76682572-845c6380-65fd-11ea-9384-8b105d66bd76png)," "" || the remaining code of `filecontentparserformat` is a complete mess of one-off hacks i am very much for deleting it and rewriting the parsing logic to just remove newlines for non-multiline fields and ignore tabs or spaces completely if we document that with tests at least we know what the code is doing  || 859274e54af0948108ff16fa697dabb595768c12 replaces the weird code in `fieldcontentparser` with a single (and simple) regex now the tests pass and as far as i can tell #114 and #186 are fixed could someone else please double check? (note: parsing is only done when loading the file so if you add faulty text to a field you can save it as such on restart the errors should be fixed by the parser) if something is not quite right please add the faulty behavior as a test! || thanks @stefan-kolb! the """"file"""" field is now ignored from parsing || ok i think we are good to go you can also close all other mentioned issues for now! || works great here :+1: "" || @koppor do you know how to host files and redirection on wwwjabreforg? || file hosting: even though it is possible to add files by adding them to  (gh-pages branch) i would propose to create a new url `testjabreforg` where we host such files we should not mix pagesredirections: they are possible at github using html redirects:  however these are not the redirects we are aiming for i can setup `testjabreforg` on my private server and create some redirects || ok we can mock the  request via wiremock should be way better than having an external dependency to our homepage || when is this updated? will this update on the fly if i change the config? || dont think so as the fieldeditor is somehow cached i think || what is the state here? what is missing to get this merged? || @stefan-kolb is working on it i removed the label to make it clear that is currently under work  || think its ok to merge || should also be backported to v4x || @stefan-kolb i certainly can test something but what exactly should i look out for? with jabref open should my macbook use the integrated graphics-card or the fast one? or should i only test if jabref works? || it should use the integrated card || fyi: i just upgraded from jabref 42 to 431 i had to correct the plist again to have jabref use the integrated graphics card see [ so i guess that we are just waiting for your corrections to be merged || it seems to work my *activity monitor* says that jabref does not require high-performance gpu is there anything else i should look out for? || i guess thats it @linusdietz  || i guess that is the correct indicator i originally used gfxcardstatus to verify this but i now also compared both cases (old and new) with activity monitor and it is consistent> on 7 jun 2018 at 15:16 patrick scheibe <notifications@githubcom> wrote:> > it seems to work my activity monitor says that jabref does not require high-performance gpu is there anything else i should look out for?> > ‚Äî> you are receiving this because you commented> reply to this email directly view it on github < or mute the thread <https://githubcom/notifications/unsubscribe-auth/afhuzmssucntyidon1yyuabj7aca1-1uks5t6setgajpzm4uxrhk>> || @siedlerchr this is one for you to review :smile:  || generally a good solution but i would move the logic to the importfilefilter makes it a bit more clear "" || in other dialogs we dont show any error message instead we disable the ok buton until all required fields are set the dialog is duplicate see for example the shareddatabaselogin dialog || @siedlerchr i really like that metaphor think its also in place in angular apps ^^ refs  (which states that we should document it) || i agree but thats not what i fixed and what the pr is about -) || i agree that the ok-button should be disabled in case there are validation errors the code for this seems to be in place as well so i guess there is a bug somewhere @siedlerchr @calixtus do you have an idea where? || i did take a look at the code and tried a little bit around but i must confess i dont ever reach the alert dialog the button disableproperty is with this pr now completly and correctly """"bound"""" to the validation status and im unable to click the button so huh?also i agree to the button-disabled-metaphor || so simply remove the dialog and all is done || disabled button should work except for when the dialog is opened at first the checks only come into place when one has entered data in the mandatory fields we need to trigger the validation after initialization to change this || can we track the additional changes in a follow up issue? id rather limit this pr to the fixes  if possible"" "" || in other dialogs we dont show any error message instead we disable the ok buton until all required fields are set the dialog is duplicate see for example the shareddatabaselogin dialog || @siedlerchr i really like that metaphor think its also in place in angular apps ^^ refs  (which states that we should document it) || i agree but thats not what i fixed and what the pr is about -) || i agree that the ok-button should be disabled in case there are validation errors the code for this seems to be in place as well so i guess there is a bug somewhere @siedlerchr @calixtus do you have an idea where? || i did take a look at the code and tried a little bit around but i must confess i dont ever reach the alert dialog the button disableproperty is with this pr now completly and correctly """"bound"""" to the validation status and im unable to click the button so huh?also i agree to the button-disabled-metaphor || so simply remove the dialog and all is done || disabled button should work except for when the dialog is opened at first the checks only come into place when one has entered data in the mandatory fields we need to trigger the validation after initialization to change this || can we track the additional changes in a follow up issue? id rather limit this pr to the fixes  if possible"" || # [codecov]( report> merging 6121]( into [master]( will **decrease** coverage by `<01%`> the diff coverage is `0%`[![impacted file tree graph](             coverage diff              @@##             master    #6121      +/-   ##- coverage     4155%   4154%   -001%     - complexity     6878     6879       +1       files          1090     1090                lines         46233    46233                branches       5557     5557              - hits          19211    19208       -3     - misses        25575    25577       +2     - partials       1447     1448       +1```| [impacted files]( | coverage Œ¥ | complexity Œ¥ | ||---|---|---|---|| [java/org/jabref/gui/groups/groupnodeviewmodeljava]( | `6168% <0%> (√∏)` | `23 <0> (√∏)` | :arrow_down: || [jabref/logic/shared/event/connectionlosteventjava]( | `0% <0%> (-75%)` | `0% <0%> (-1%)` | || [bref/logic/remote/server/remotelistenerserverjava]( | `7096% <0%> (-646%)` | `7% <0%> (√∏)` | || [a/org/jabref/logic/shared/postgresqlprocessorjava]( | `7959% <0%> (-409%)` | `10% <0%> (√∏)` | || [java/org/jabref/logic/shared/dbmssynchronizerjava]( | `707% <0%> (-192%)` | `39% <0%> (-2%)` | || [in/java/org/jabref/logic/shared/dbmsprocessorjava]( | `8248% <0%> (-17%)` | `46% <0%> (√∏)` | || [ef/logic/importer/fetcher/abstractisbnfetcherjava]( | `100% <0%> (+1111%)` | `5% <0%> (+1%)` | :arrow_up: || [org/jabref/logic/importer/fetcher/isbnfetcherjava]( | `8947% <0%> (+3684%)` | `8% <0%> (+1%)` | :arrow_up: || [/logic/importer/fetcher/isbnviaebookdefetcherjava]( | `100% <0%> (+4166%)` | `5% <0%> (+2%)` | :arrow_up: |------[continue to review full report at codecov]( **legend** - [click here to learn more]( `Œ¥  absolute <relative> (impact)` `√∏  not affected` `?  missing data`> powered by [codecov]( last update [8dd7444c29db2e]( read the [comment docs]( || i doubt this works  || > i doubt this worksit does at least starting from `gradle run` what are your doubts? || please test also with `/gradlew jlink` it will build the image locally and you can start the batit makes a huge difference if it is packaged together or executed from gradle  || > please test also with `/gradlew jlink` it will build the image locally and you can start the bat> it makes a huge difference if it is packaged together or executed from gradleworks for me /started via jabrefbat) i can set the group icon any other side effects i need to check? || if this works then other cases should also work have you tested saving your bib file with groups and icon and closing and reopening that bib file then?if this works as well it will be good to go || > if this works then other cases should also work> have you tested saving your bib file with groups and icon and closing and reopening that bib file then?> if this works as well it will be good to gosaving and reopening worked || agreed || please also add a changelog || # [codecov]( report> merging 6121]( into [master]( will **decrease** coverage by `<01%`> the diff coverage is `0%`[![impacted file tree graph](             coverage diff              @@##             master    #6121      +/-   ##- coverage     4155%   4154%   -001%     - complexity     6878     6879       +1       files          1090     1090                lines         46233    46233                branches       5557     5557              - hits          19211    19208       -3     - misses        25575    25577       +2     - partials       1447     1448       +1```| [impacted files]( | coverage Œ¥ | complexity Œ¥ | ||---|---|---|---|| [java/org/jabref/gui/groups/groupnodeviewmodeljava]( | `6168% <0%> (√∏)` | `23 <0> (√∏)` | :arrow_down: || [jabref/logic/shared/event/connectionlosteventjava]( | `0% <0%> (-75%)` | `0% <0%> (-1%)` | || [bref/logic/remote/server/remotelistenerserverjava]( | `7096% <0%> (-646%)` | `7% <0%> (√∏)` | || [a/org/jabref/logic/shared/postgresqlprocessorjava]( | `7959% <0%> (-409%)` | `10% <0%> (√∏)` | || [java/org/jabref/logic/shared/dbmssynchronizerjava]( | `707% <0%> (-192%)` | `39% <0%> (-2%)` | || [in/java/org/jabref/logic/shared/dbmsprocessorjava]( | `8248% <0%> (-17%)` | `46% <0%> (√∏)` | || [ef/logic/importer/fetcher/abstractisbnfetcherjava]( | `100% <0%> (+1111%)` | `5% <0%> (+1%)` | :arrow_up: || [org/jabref/logic/importer/fetcher/isbnfetcherjava]( | `8947% <0%> (+3684%)` | `8% <0%> (+1%)` | :arrow_up: || [/logic/importer/fetcher/isbnviaebookdefetcherjava]( | `100% <0%> (+4166%)` | `5% <0%> (+2%)` | :arrow_up: |------[continue to review full report at codecov]( **legend** - [click here to learn more]( `Œ¥  absolute <relative> (impact)` `√∏  not affected` `?  missing data`> powered by [codecov]( last update [8dd7444c29db2e]( read the [comment docs]( || i doubt this works  || > i doubt this worksit does at least starting from `gradle run` what are your doubts? || please test also with `/gradlew jlink` it will build the image locally and you can start the batit makes a huge difference if it is packaged together or executed from gradle  || > please test also with `/gradlew jlink` it will build the image locally and you can start the bat> it makes a huge difference if it is packaged together or executed from gradleworks for me /started via jabrefbat) i can set the group icon any other side effects i need to check? || if this works then other cases should also work have you tested saving your bib file with groups and icon and closing and reopening that bib file then?if this works as well it will be good to go || > if this works then other cases should also work> have you tested saving your bib file with groups and icon and closing and reopening that bib file then?> if this works as well it will be good to gosaving and reopening worked || agreed || please also add a changelog"
Timucin Merdin,,,
Alexander Girgis,allow basic markup syntax custom previews,"add markdownformatter using  to format markdownto configure markdown in custom previews add the ""markdown"" formattermarkdown is enabled by default for the comment field as requested in  #6194 (  change in changelogmd described (if applicable)-  -  -   ()-  [](   <https://githubcom/jabref/user-documentation/issues>",|| needed to merge `master` to sync the pr with your state @alexandergirgis refs  you fix checkstyle?
Mootez Saad, fix export to clipboard dialog icon fix various dark theme issues disable the generate button if the id field is empty fix underscore character being omitted from file name in recent libraries list, 6286 (  change in changelogmd described (if applicable)-  -  -   (for ui changes)-  [](  if not created an issue at < or even better submitted a pull request to the documentation repository related issues: #5522  #5699 -  dragndrop text(  dialogs![image]( issue is that i dont find the dialogs graphics (eg the confirmation image) adequate so maybe create custom ones for the dark theme (or remove them)?-  scroll panethe scroll pane is quite visible (at least on my side) so i dont know if that issue has been considered as resolved or not?![image](  change in changelogmd described (if applicable)-  -  -   (for ui changes)-  [](  if not created an issue at < or even better submitted a pull request to the documentation repository 6370 -  change in changelogmd described (if applicable)-  -  -   (for ui changes)-  [](  if not created an issue at < or even better submitted a pull request to the documentation repository fixes: #6383 (  change in changelogmd described (if applicable)-  -  -   (for ui changes)-  [](  if not created an issue at < or even better submitted a pull request to the documentation repository, || could you please also add a changelog entry?  || entry added || changes regarding the scroll bar:( hover:![image]( || perfect thank you again! || thanks looks good to me!ps: if you write `12345`  in the body (fixes followed by issue nunber without the code tags) github will close the issue automatically on merge || thanks again for your contribution! || perfect thanks for the quick follow-up!
Linus Dietz,,,
Graeme Stewart,,,
Houssem Nasri,,,
Vincent Gagnon,,,
Dominik Traczyk,single line text fields,solution for 4126]( ive used text formatter to force single line behavior hope its enough :) particular fields that should contain only one line are stored in immutable set// 7 tests have failed but they also had failed before on master:> mrdlibimportertest testimportdatabaseishtmlsetcorrectly()> mrdlibimportertest testimportdatabaseistitlesetcorrectly()> mrdlibimportertest testimportdatabaseisyearsetcorrectly()> xmputilreadertest testreadarticledublincorereadrawxmp> xmputilreadertest testreadarticledublincorereadxmp> xmputilwritertest testwritemultiplebibentries> xmputilwritertest testwritexmp,|| cant we just change the underlying gui component from textarea to textfield?also please use plain java for making fields immutable or final  not comgooglecommoncollectimmutableset if possible || @stefan-kolb how about now?ive added editortextfield class similar to editortextarea and extracted addtocontextmenu to interface (contextmenuaddable) also i had to change parameter type textarea to textinputcontrol in few places in order to use classes in generic way || that looks good so far for me! havent tested it yet but codewise it looks good (although the final in front of method parameter is suerpfllous || i use finals to avoid stupid bugs like reassigning variable with them my ide automatically underlines such stuff another thing is that ive decided to make code more readable so ive put new lines between simpleeditor constructor parameters (because there was one long line) and now codacy yells about that should i extract those parameters to another class like simpleeditorparameters or sth? || ping 
Tobias Diez, added special fields printed and read status 6357: file directory 3805: dash correctly terminates commands in layout files add option to display entry preview as tab in entry editor add option to display entry preview as tab in entry editor fix missing file extension for downloaded files 5862," ""added special fields printed and read status thereby implementing (at least partially):- feature #762 printed attribute- feature #692 marking of new entries and often read entries- feature #685 highlight new entries that were """"forgotten""""- feature #602 could add the mark as read feature- feature #225 read? checkboxprinted is just a boolean toggle and for the read field currently the values skimmed and read are possible (if you have any suggestions for further possibilities im happy to implement them) the icons are taken from  and should probably be replaced with icons from the same collection as the other currently used ones"" ""bug was introduced in  sorry @calixtus for suspecting you üëºalso a bit of code cleanup is included for example i tried to minimize using strings and favored `path`s instead   link issues that are fixed eg """"333"""" link it eg """"fixes  title of the pr must not reference an issue because github does not support autolinking there--><!-- - go through the list below if a task has been completed mark it done by using ``- please dont remove any items just leave them unchecked if they are not applicable-->-  change in changelogmd described (if applicable)-  -  -   (for ui changes)-  [](  if not created an issue at < or even better submitted a pull request to the documentation repository""         ( (      because github does not support autolinking there -->3805 now commands terminated by a hyphen (like `\edition-`) work correctlyway back in 2011 morten added the extra check for hyphens (commit 392bc7a6dd215eb23766378aa90e3995d0847bb7) however im not aware of any field that has a dash in it so im not sure what was the reason for the change (i couldnt find an old bug report)also refactored a bit the layout tests-----  change in changelogmd described-  -  manually tested changed features in running jabref-   ()-  (   ( [helpjabreforg](https://githubcom/jabref/helpjabreforg/issues)?) adds the entry preview as a tab 5244 also fixes #5446 plus a bit of refactoring( describe the changes you have made here:        ( (      because github does not support autolinking there -->-----  change in changelogmd described-  -  manually tested changed features in running jabref-   ()-  (   ( [helpjabreforg](https://githubcom/jabref/helpjabreforg/issues)?) adds the entry preview as a tab 5244 also fixes #5446 plus a bit of refactoring( describe the changes you have made here:        ( (      because github does not support autolinking there -->-----  change in changelogmd described-  -  manually tested changed features in running jabref-   ()-  (   ( [helpjabreforg](https://githubcom/jabref/helpjabreforg/issues)?) 5816 by falling back to pdf as default file type    #333 : 47]( title of the pr must not reference an issue because github does not support autolinking there--><!-- - all items with `` are still a todo-  `` - remove items not applicable-->-  change in changelogmd described (if applicable)-  -  -   ()-  [](   <https://githubcom/jabref/user-documentation/issues> it was indeed the throttler (at least it is working now for me)    #333 : 47]( title of the pr must not reference an issue because github does not support autolinking there--><!-- - all items with `` are still a todo-  `` - remove items not applicable-->-  change in changelogmd described (if applicable)-  -  -   ()-  [](   <https://githubcom/jabref/user-documentation/issues>", || this feature is availale on jabref 210?what should i do to get them? || no it is not in 210 but in the current development version so you have to wait until 211 comes out or build the current version yourself how to do the latter is described here:  || thank you very muchim could not install gradle on my laptop (ubuntu 1404)looking forward to the 211 release || > sorry @calixtus for suspecting you üëºforgiven and forgotten you owe me one üòâ  || thanks for the quick reviews!     
Ali,,,
Patrick Scheibe,consistent fx color scheme for jabref,the pr aims to make the look and feel of jabref more consistent by providing a well-chosen set of base colors and deriving other colors from it at the moment i used a flat and bright scheme with the original jabref blue as the theme color![scrshot]( addition to the changes in the fx css files i provide an additional true type font for the application icons that are not available in the material design icon set it can be loaded and used in exactly the same way as the material design icons and only small changes to the code where necessary as soon as we agreed on using this i can make further adjustments and additions (currently wined is missing) to the icons so that they fit perfectly into our toolbar the one-colored icons should represent the original icon as much as possible and should be recognizable the will look like this![i1]( ![i2]( ![i3]( ![i4]( those who would like to help to work on this:our base style is `modenacss` and to make our restyling easy to use and to understand we should try to redefine the color variables of `modenacss` as much as possible instead of explicitly introducing and using our own variables this means dont use explicit color settings in the definition of styles for a control if it is a commonly used property eg the border color try to find and overwrite the appropriate modena-variable if you indeed need a specific color then re-use the ones defined at the top of `maincss`remember that this is unfinished at the moment and i have rather commented out lines than simply deleting it-----  change in changelogmd described-  -  manually tested changed features in running jabref-   ()-  (   ( [helpjabreforg](https://githubcom/jabref/helpjabreforg/issues)?),|| i played around with the ui a little and i like it i like the fact that the menu and tool bars are a little less color-intense than in the current maintable-betayou have my +1 for continuing with this line of work || i made further improvements to the custom icons and they look at least acceptable now if put on the toolbar:![toolbar]( more information on this view issue  i pulled the latest changes from maintable-beta im giving this free for review now note that there are still a lot of commented lines in the code to easily see what i have adjusted once we agree on something ill clean everything up || ive now merged this pr we can fine-tune the design later and ill provide a proposal for a dark theme in a new pr
Benedikt Tutzer,,,
hrandrianasolo,,,
Jonathan Campbell,fix import into current library issuing wrong message,"this change 6266 in which an erroneous message ""import canceled"" is displayed when importing into the current library this fix was accomplished by modifying the parameter of the extends clause of the importentriesdialog class to have a return type of boolean rather than void and making setresultconverter return false rather than null   link issues that are fixed eg ""fixes #333"" link it eg ""fixes  title of the pr must not reference an issue because github does not support autolinking there--><!-- - go through the list below if a task has been completed mark it done by using ``- please dont remove any items just leave them unchecked if they are not applicable-->-  change in changelogmd described (if applicable)-  -  -   (for ui changes)-  [](  if not created an issue at < or even better submitted a pull request to the documentation repository",|| welcome to jabref and thanks for your contribution! can you please describe how your changes 6266? i couldnt find the place where the return value of the dialog was used || hello since this issue is a duplicate of #4841 i followed the comments on that issue and implemented [your possible solution]( which resolved the issue to be honest i do not know exactly how this fixed the issue || i have pushed a commit fixing the indentation and fixing the problem in the findunlinkedfilesdialog || thanks again for your contribution!  we hope you are interested in contributing further ) || youre welcome! this was fun i hope to contribute further as well
AtrusRiven,,,
Caleb Tillman,,,
Benjamin Schroth,,,
Gennadiy, ris import takes the wrong date and duplicates abstract," ""6065 1 fixed an issue with """"duplicate values in abstract field2 checked code and couldnt reproduce second error: """"publication date is taken from the y2 field not from the correct y1""""see lines 207-220 of `risimporterjava` it works fine and importing publication date as expected tested on file from @crystalfp (see file attached to issue)kind regardsgennadiy-  change in changelogmd described (if applicable)-  -  -   (for ui changes)-  [](  if not created an issue at < or even better submitted a pull request to the documentation repository""", || ok will do || thanks!
Lugduni Desrosiers,update open openofficepanel to show buttons in three rows of three,changed open office panel to show buttons in rows of three instead of going straight down to save space as the button expanded out to take up unnecessary horizontal space,|| i am not familiar with a change log entry would you help me accomplish that please? || we have a `changelogmd` file listing all the relevant changes just add a sentence there and commit these changes:  || should i create a pull request for that too or no? || you can make the changes locally and then push them to your branch `ddunig2:fix-for-issue-5479` which updates this pr automatically no separate pr is necessary || @ddunig2 you can just work on your branch - a pull request collects all commits belonging to a branch as soon as you pushed something it will appear hear || @ddunig2 did you already had the chance to add the changelog entry? it would be nice if you could do this so that we can merge your first pull request to jabref thanks! || i thought i did i will double check || i remember doing this although im not sure if i did it correctly i redid it and these are the steps i took this time i went on my fork and went on the branch i did my work on looked for the changelog file and add the change to the ##change section i hope this is the right approach || thanks! you did it perfectly and everything is well now so im going to merge looking forward to your next contribution 
Toromtomtom,,,
Mohit,,,
Oliver Kopp," fix gui tests ""include """"append"""" functionality in the """"import entries dialog""""""", 5602 refs #2768wanted to know why our gui tests are broken the reason seems to be that we dont pass the preferences objects directly around but use `globalsprefs` at more places currently the issue is in `maintablejava`:```java        importhandler  new importhandler(                framegetdialogservice() database externalfiletypes                globalsprefsgetfilepreferences()                globalsprefsgetimportformatpreferences()                globalsprefsgetupdatefieldpreferences()                globalsgetfileupdatemonitor()                undomanager                globalsstatemanager)```i would propose to convert the constructor of `maintable` (and `basepanel`) to a builder pattern (because we have more than three arguments) and add passing of these preferencesalternatively we can mock `globalsprefsgetfilepreferences()` etc this is also ok for me as i accept global objects however we had a long discussion that we should get rid off `globals`is  the right issue where we discussed `globalsprefs`? i think the comment at  summarizes the discussion needs testing @stefan-kolb maybe? üòá 6049co-authored-by: christoph <siedlerkiller@gmailcom>co-authored-by: tobias diez <tobiasdiez@gmxde>co-authored-by: carl christian snethlage <50491877+calixtus@usersnoreplygithubcom>," "" || +1 for extracting `globalsprefs` and mocking the relevant data i dont think a builder pattern is necessary as the relevant classes are rarely initialized and all arguments need to be present anyway   || im not sure whether we should continue with it like that should we tryother solutions such as eclipse jubula - which are independent from theconcrete code i see that separate preferences for model and logic makessense for gui it is *much* effort is it really worth the effort? do weneed these kinds of tests? would it make more sense to do black box testing?maybe we should let this task (enable testing by testfx) be done bystudents in a training next year? seems to be much more work than expectedi wanted to come up with a quick solution to get it running to have ourtobias diez <notifications@githubcom> schrieb am do 26 dez 2019 09:45:> *@tobiasdiez* commented on this pull request> ------------------------------>> in src/main/java/org/jabref/gui/basepaneljava> < > @@ -1458 +1548 @@>      private optional<databasechangemonitor> changemonitor  optionalempty()>      private jabrefexecutorservice executorservice>> -    public basepanel(jabrefframe frame basepanelpreferences preferences bibdatabasecontext bibdatabasecontext externalfiletypes externalfiletypes) {> -        thispreferences  objectsrequirenonnull(preferences)> +    public basepanel(jabrefframe frame basepanelpreferences basepanelpreferences bibdatabasecontext bibdatabasecontext externalfiletypes externalfiletypes groupviewmode groupviewmode filepreferences filepreferences importformatpreferences importformatpreferences updatefieldpreferences updatefieldpreferences fileupdatemonitor fileupdatemonitor statemanager statemanager consumer<columnpreferences> updatecolumnpreferences supplier<timestamppreferences> timestamppreferencessupplier) {>> i think its better to pass a preferenceservice if you need to store> preference options (or get the current preferences at a later moment)>> ‚Äî> you are receiving this because you authored the thread> reply to this email directly view it on github> < or unsubscribe> < > || i think gui tests would be nice to have its a good idea to let students extend the code coverage in a forthcoming project (similarly to what we did with the fetcher test suite) however we should provide a few basic tests that serve as an orientation with mvvm there shouldnt be any need for ui tests in the traditional sense (testfx or jubala or whatever) as one can simply write unit tests for the view model classes moreover the current gui tests dont add much value in my opinion for me it would be fine to remove all gui tests that we have currently || the whole """"mess"""" is only for the basepaneltest - to fix the other tests was easy i removed all the """"improvements"""" and made only cosmetic changes"" "
Apurva Churi,,,
Jiayu Zhang,,,
Simon Harrer,,,
Oscar Gustafsson, added pushing citations to texmaker, implements sourceforge feature requests #318 and #582, || looks good minor comments above the abstract class `abstractpushtoapplication` could be left as future work :smiley: || thanksi agree there are changes to the other pushtoxxx classes in the formbuilder pull request so i would prefer to base the `abstractpushtoapplication` on the unified source :-) (especially with my still improvable git wizardry) || ok i let this go through we will work on  and possibly finally with another pr
Michael Mauersberger,,,
Carl Christian Snethlage, added update method to typepropertylisteners fixed loosing group if the most bottom one in list is dragged on itself fix for multiple error messages in messed up source editor conversion of group dialog to mvvm-pattern added menubuttons to integritycheckdialog refactored subtile changes to optics of library properties actionhelper to test for present file, 5905 -  change in changelogmd described (if applicable)-  -  -   ()-  [](   <https://githubcom/jabref/user-documentation/issues> 5968 -  change in changelogmd described (if applicable)-  -  -   ()-  [](   <https://githubcom/jabref/user-documentation/issues> 5820jabref created a new instance of codearea everytime an entry was selected and bound multiple listeners to the codearea and to the validationstatus in bindtoentry refactored it a little bit so the codearea stays persistent and the error messages are only displayed oncedid some minor refactorings to the other validators and to modulesinfo too to avoid warning messages from the ide and fixed a minor mistake from a previous pr in darkcss no screenshot as there is no visual change-  change in changelogmd described (if applicable)-  -  -   ()-  [](   <https://githubcom/jabref/user-documentation/issues> a first approach to convert the add/edit group dialog to the mvvm-pattern and a step forwards to implement the changes @martinkarim supposed in #4684 still some problems and things to talk aboutthe most obvious one is: groupdescription i really dont know what to do with this personally i think this description stuff shuld go into the help page its a wild mesh-up of error messages validation messages for the regex and some hints about the groupthe next thing are the different group types @martinkarim supposed to merge most of them as they mostly intersect each other but if we do this we need to provide migrations for the old groups too this would probably go far beyond this prscreenshot belowthe old labels of the checkboxes a displayed as a tooltip now but they should be better placed in the help pagei have some problems with the validators somehow if i bind the disableproperty of the ok button to validproperty of the validator java throws a npe if i dont get this working i need to think about a workaroundi need to stop procrastinating now and get back to studying-  change in changelogmd described (if applicable)-  -  -   ()-  [](   <https://githubcom/jabref/user-documentation/issues> this pr adds menubuttons to the integritycheckdialog because there was a complaint that the filters were not very easy to find 5275 i did not implement the option to make the current filters in the table persistent as the use case for this is extremly limited (sorry) controlsfx does not support this and the workaround would be hugei dont think that documentation is necessary for this as it should be very obvious to understand![integrity_without_panel](  change in changelogmd described (if applicable)-  -  -   ()-  [](   <https://githubcom/jabref/user-documentation/issues> 5604 some subtile changes (added a scrollpane) to the library properties dialog (and to saveorderconfigdisplay and to fieldformattercleanupspanel) fieldformattercleanupspanel needs to be refactored in the future to mvvm-pattern but this pr is just a quick fix for the issue so the library properties are somewhat usable on scaled displays![librarypropsup](  change in changelogmd described (if applicable)-  -  -   ()-  [](   <https://githubcom/jabref/user-documentation/issues> this pr fixes koppor#430it took a little bit more refactoring than expected for it does not only check if standardfieldfile has text inside but if the file is also really present in the file system there are some design decisions im unsure of:there is no alert about that no file is really present the menu entry is just disabled although there is a file symbol in the main table (since standardfieldfile is not empty)feedback could be implemented in the files editor in the entry editor as validationthe other thing is that in theory at last the table does not yet automatically update if a file is added or removed (so no file is attached) this would require  probably an array of observables to be used as an invalidation alert im unsure where to start with that however only in theory pracitcally the entry is unselected automatically if i change something about the attached files in the entry editor so nobody would notice if this would not be implemented-  change in changelogmd described (if applicable)-  -  -   ()-  [](   <https://githubcom/jabref/user-documentation/issues>,"   || thanks for the fix i dont know exactly what  but i remember we had issues with the code area when going up and down in the main table with an open entry editor and also when importing? i know that there was a reason why it was created new every time maybe @tobiasdiez remembers || this should do the trick now apparently javafx fires the focus event after loading the next entry and registering a listener does not mean it is also runwhat i dont understand is the failing gui test it fails somehow during setting the test up trying to call getsourcestring with an empty bibentryit does not fail with a real entry open in jabref but only with the test should i modify the test? || the new fix looks good to!i guess the test fails as `currententry` is null in  can change  to `notifyaboutfocus` "" || üëç for removing the description i like how the dialog looks in your screenshot nicely done!(i would maybe left-align the options """"case sensitve"""" and """"regular expression"""") || so i got no other opinions descriptions are gone![group dialog]( #5833 but this pr does only change the groups dialog it does not fix the issue mentioned || looks good so far! || the constructors are gone and the whole globals-stuff in this part probably too as i made same bigger changes i would appreciate it if you could just take a quick look at the latest commit and the changes to the optics again expecially the enummap is this ok this way? i really did not like the gettext-method<img width""""450"""" alt""""group"""" src"""" || merging then"" || looks good!  || i added some validation the regular validation mechanics of controlsfx seem somewhat broken the icon is shown but behind every other ui element so instead i just marked the background of the cells with files that do not exist in the filesystem in the warning color( this one is mergable"
Tom√°s Morales de Luna,fix opening pdf with okular in linux (#5253),"<!-- possible fix for issue #5253clicking on a document icon does not open the associated pdf  the pdf viewer opens and closes immediately this seems to be related to kde desktop with okular as default pdf reader when okulas gives an error/warning message discarding ""send sms via kde connect"" (""shareurl"")it is not correctly handled and the program closesone possible solution is to read the buffer in some way when xdg-open is called by runtimegetruntime()exec()-->-  change in changelogmd described (if applicable)-  -  [](   <https://githubcom/jabref/user-documentation/issues>"," || thanks for your contribution @t-morales !may i ask you to to unabbreviate the variables and to give them a selfexplaining name? you can also link the fix in github to automatically close the issue (""5253"")just because im curious: how does the fix work? edit: nevermind just saw the extensive discussion -) || @calixtus as i said in the issue #5253 i am not familiarized with java it was more or less a trial and error procedure with the help of the comments of other users not so sure why this works and it would be good if someone with better understanding on java took a look at that || thanks for the follow-up!"
Abraham Polk,,,
Marco Aur√©lio Graciotto Silva,,,
Dominik Voigt,,,
Roy Storey, switch to the mariadb connector from the mysql one,switch from `commysqlcjjdbcdriver` to `orgmariadbjdbcdriver`## references#4745 ## checklisthappy to work on these as required-  change in changelogmd described-   (modified original)-  ([travis](   ()-  (   ( [helpjabreforg](https://githubcom/jabref/helpjabreforg/issues)?)," || hey @kiwiroy thank you for this contribution!after some minutes of comparing the jdbc drivers im not sure why mariadb is the obvious way to go so please add more reasoning both here in the comments as well as a condensed version in an architecture decision record here  will help us to judge upon the benefits and consequences of this change || im curious: would it be possible to have both connectors eg mysql and mariadb together so that a user can choose between them or does this create conflics? || just some comments here first:im unsure if this is relevant but this [blog] has *some* background informationmariadb provide a comprehensive [feature comparison] though that is mainlyserver features rather than client as far as possible they maintain protocol[compatibility] for clientsfor the linked issue (#4745) the mysql connector does not connect to the pamenabled server despite [claims] the mysql connector documentation mention aconfiguration property [authenticationplugins] which is a *""comma-delimited listof classes that implement commysqlcjprotocolauthenticationplugin""* a pamclass id expect `dialog` cannot be seen in the connector either<img width""286"" alt""commysqlcjprotocolaauthentication"" src"" [mariadb] implementations include a specific class for thisthis [stackoverflow][stackoverflow-1] thread pointed me to the mariadb connectoras a replacement that would achieve a connection and the comment in [this one][stackoverflow-2]suggests that performance will not be an issue> the performance in mysql and with the mysql-connectorj was worse in all cases than mariadbit is possible to have the two resident in the class path [concurrently][blog]:  comparison]:        walkthough]:     || first [pass]( at mysql **and** mariadb travis test suite [passes]( and local testing of mariadb connector against the database with pam auth succeeds while only changing the dropdown to mysql results in the `unable to load authentication plugin dialog` message**nb** as the driver is the only difference i chose to reuse the mysqlprocessor class  || yeah cool that it works! that would be best compromise here i think  || right should this pr be closed and a new one created - after a little tidy up?also any pointers on how [this passed]( while including [this line]( || hm that is really odd regarding the test try debugging the test locally or add a systemoutprintln before comparing the values to see the outputyou can either reuse this  pr if you want or use the other pr whatever you want || @kiwiroy  what is the current status here? it would be really nice to have this inlcuded || i‚Äôve had a busy few weeks will attend to it soon  || @kiwiroy any update? || closing due to inactivity feel free to reopen it if you have time to work on it || i resolved the conflicts and are going to merge it i will add an adrwe keep only mariadb reason: mysql connector/j 80 is licensed under gpl source: < without limiting the foregoing grant of rights under the gplv2 and additional permission as to separately licensed software this connector is also subject to the universal foss exception version 10 a copy of which is reproduced below and can also be found along with its faq at  understand that there is that foss exception but i am not aware of the consequences - and that exception is not commonly known"
Peiqi Yin,,,
Sascha Zeller,ovidimportertest,,|| is there any real data tested? is ovid used in the wild? || the tests look good however quite a few information get lost upon import for example in the 7th file there is no keywords language and issn information could you pls try to implement a few more mapping rules?  || importer improved to imports the following fields: doi issn language and keywords || thanks! looks good and has 100% test coverage! can you pls rebase / merge so that it can be merged in? || please resolve the conflicts
Fiyinfolu Eludire,,,
Jonatan Asketorp,,,
Deepak Kumar,"fix right clicking on any entry and selecting ""open folder"" results in the nullpointer exception","4763the issue was when a user right-clicks an entry and right click ""open folder""  then it results in null pointer exception in linux systemthe main cause for this issue was in the linux implementation of nativedesktop(linuxjava#openfolderandselectfile) that code looks for an environment variable named desktop_session and if this variable is not set in any system then it will result in null pointer exceptionthe fix was to check if desktop_session variable is present or not if not present then run a default command which will try to open the folderanother issue was that if a system does not have a file browser installed then right-clicking on any entry and selecting ""open folder"" option will not do anything(if there is no file browser installed in the system)to fix this issue ive added an option in preference setting window to set command or program for default file browser where a user can explicitly set command or let jefref use a default behavior like this:![jabref-fix-4763](  change in changelogmd described-  -  manually tested changed features in running jabref-   ()-  (   ( [helpjabreforg](https://githubcom/jabref/helpjabreforg/issues)?)",|| could you please check issue #4802 as well? || @siedlerchr  okay ill try to fix this issue
Tianjian lei,showing correct icon on main table linked files column,"   link issues that are fixed eg ""333"" link it eg ""fixes  title of the pr must not reference an issue because github does not support autolinking there-->fixes #6169 hello i have fixed the bugs that appear in the icon of the linked file column i create a draft pull request if there are breaking any contribution rules please let me know if everything is ok i will create a pull request then i have tested to import some format of doc just a simple test of docx pptx and pdf format files( the source code i have a question: i found the wrong icon still shows in the general -> files list which only shows pdf icon no matter what format of files attached then i found orgjabrefguifieldeditorslinkedfileviewmodel#gettypeicon() which directly indicate the icon to pdf which seems like the source of the bug there is a todo comment above which seems like this bug has already discovered then i went through the issue list and tried to find some relevant thing to this bug (todo) but nothing found i would be happy if you can provide more info about it thanks ^_^![image]( - go through the list below if a task has been completed mark it done by using ``- please dont remove any items just leave them unchecked if they are not applicable-->-  change in changelogmd described (if applicable)-  -  -   (for ui changes)-  [](  if not created an issue at < or even better submitted a pull request to the documentation repository"," || thanks for your instructions! im not very familiar with the code in fact really appreciate that you can indicate the source of the problem i will try again for the addition bug (i think) i will try to work on it and thanks for your tips || nice to hear! you can also reuse this pr if you want (just push your updates to the same branch)  || please be aware that a ""linkedfile"" can also be a  url or link i dont know if this is actually considered in the file type || ok i will reuse this pr next time i want to commit some code@siedlerchr thanks for your additional tips which i have not considered yet i will review the source code carefully ||    link issues that are fixed eg ""333"" link it eg ""fixes  title of the pr must not reference an issue because github does not support autolinking there-->fixes #6169 and finish the todo additional feature which has mentioned beforehello i have fixed the bugs that appear in the icon of the linked file column and finish the additional feature i create a draft pull request if there are breaking any contribution rules please let me know if everything is ok i will create a pull request then i have tested to import some format of doc just a simple test of docx pptx and pdf format files( the bugs i found that is coming from the wrong filter i think it should be a mistakefor the additional features i was using the same method in:  think the modification wont do any harm to other code<!-- - go through the list below if a task has been completed mark it done by using ``- please dont remove any items just leave them unchecked if they are not applicable-->-  change in changelogmd described (if applicable)-  -  -   (for ui changes)-  [](  if not created an issue at < or even better submitted a pull request to the documentation repository || i have finished the changing of changelogmd and the deletion of todo comments thanks for your instructions! @tobiasdiez @siedlerchr  || perfect! thanks again for your contribution and hope to see the next pr from you soon! || > perfect! thanks again for your contribution and hope to see the next pr from you soon!im searching for our next target issue ^_^"
Saulius Gra≈æulis,,,
Baruch Oltman,,,
Niklas Schmitt,,,
Manas Singh,,,
Davide,,,
ningxie,,,
Johannes Theiner,,,
Kai Takac, 2868 - keep source groups selected after drag and drop 5939 by creating a mutable list in opendatabaseaction, this pr fixes a bug where the selection of the source groups was lost after drag and drop (#2868) i noticed a bug in the mapping from `groupnodeviewmodel` to the corresponding `treeitem`the bug might also have caused other selection related bugs-  change in changelogmd described (if applicable)-   this pr fixes the problem when opening a library from the recent libraries menu 5939 -  change in changelogmd described (if applicable)-  , || thanks again for the contribution! || very welcome guys :) happy to be able to support you || thanks again for your contribution! üëç  || we tried it locally did not fix the issue we will switch to `listof()`
Ruan,,,
J√∂rg Lenhard, update internal state of databasechangemonitor when external changes ‚Ä¶ implement 1516, ‚Ä¶are resolvedattempts to 3498it seems that the internal state of databasechangemonitor was not updated correctly when external changes were marked as resolved causing the monitor to misbehave when you tried to save afterwards i am not sure how this bug came into being and what caused the update to get lost adding an additional update step seems to resolve the problem but i would really appreciate some more testing of this branch by other people-----  change in changelogmd described-  -   ()-  manually tested changed features in running jabref-   ( [helpjabreforg](  if you changed the localization: did you run `gradle ate`? implements #1516 selected fields (`isbn` `url` `uri` `issn` `doi`) are displayed in upper case in the entry editor-  change in changelogmd described," || it seems were having a bit of a shortage of reviewers at the moment )since this is such a small one-line change that actually fixes a bug ill merge this now even if theres only one review "" || lgtm! :+1: || one minor remark: """"isrn"""" which is used in biblatex techreports could - or should - be added apart from that: lgtm"""
Zheng Dong,,,
Felix Schnabel,,,
Jos√© Jes√∫s Sinohui Fern√°ndez,"fix ""&"" on previews","    #333 : 47]( title of the pr must not reference an issue because github does not support autolinking there-->proposed solution for #3840 i deleted a line where the & was getting escaped when generating the preview apparently csl already handles some kind of escapingthe following entry```@misc{b1111  author  {b a}  title   {c \& d}  year    {1111}}```generates this html```<div class""csl-entry"">  <div class""csl-left-margin"">[1]</div><div class""csl-right-inline""> a b √¥c &#38 d√∂ 1111</div></div>```which renders in the previewlayout like this![ampersand]( - all items with `` are still a todo-  `` - remove items not applicable-->-  change in changelogmd described (if applicable)-  -  -   ()-  [](   <https://githubcom/jabref/user-documentation/issues>",|| i fear that will destroy the html export and other custom html exportsthe htmlchars formatter is used there a lot idea which just came to my mind have you tried without the html chars formatter eg if it works if you remove the html chars formatter in that step? || you are right! i removed the formatter from the csl adapter and it works just fine ill update the pr || @josejesinohui thank you for working on jabref - could you please merge upstream/master so that our automated checks are triggered on your pr? || would it be possible to add test cases here? you already provided a snippet - the reason is that in one year someone touching csladapter wont know that the htmlcharsformatter was removed and will re-add it again there wont be any automatism preventing that || hi sorry for the delay i will add tests and update my pr || perfect thanks for the quick followup!
Galileo Sartor,add chromium json for browser integration,this pr adds the chromium json used by the native-messaging-host systemi also added the file to the deb postinst/postrm files so they are installedthis is missing the windows/mac integration but the only difference is the path (like the firefox file)i added a different file even though the difference is minimal to avoid editing it in different scripts(postinst and installsh mainly the snap would still change the path)another pr in the jabref repo will edit the manual install script to include the choice of browser-----  change in changelogmd described-  -  manually tested changed features in running jabref-   ()-  (   ( [helpjabreforg](https://githubcom/jabref/helpjabreforg/issues)?),|| may i ask what this pr needs to be merged?   || @tobiasdiez nothing? )in all seriousness everything should be fine
Yuheng,,,
Oscar Lindgren,,,
David Stevens,add shortscience integration,    #333 : 47]( title of the pr must not reference an issue because github does not support autolinking there-->this pr introduces a simple integration towards shortscience as tracked by #6015 the integration is in the form of an additional context menu item called *search shortscience* which if clicked will open the users web browser to the search results for the selected entrys titlei experimented with generating a direct link to the shortscience page for the article instead of linking to the search results but the uri scheme is not entirely consistent nor predictable at shortscience so it was deemed more effort than it was worth <!-- - all items with `` are still a todo-  `` - remove items not applicable-->-  change in changelogmd described (if applicable)-  -  -   ()-  [](   <  port right click menu to new style as in #5958 ![example]( are a few things im uncertain about implementation-wise i implemented this in what i believe is the same way as the other menu actions which is through the use of the deprecated class oldcommandwrapper im not sure if this is the best place to put the functionality nor if the deprecated class is still the correct approach im also still working on a testing strategy,|| hi @stevensdavid  thank you for your work and your pr you are right baseaction is deprecated and i already prepared a pr to completly remove the deprecated baseaction stuff from the rightclickmenuthe future way to implement menu actions is to put the action information in standardactions and to implement the action as a class extending simplecommand should be very straight forward for some hints please have a look at my pr #5958 if you have questions just ask me im happy to help you || > hi @stevensdavid  thank you for your work and your pr you are right baseaction is deprecated and i already prepared a pr to completly remove the deprecated baseaction stuff from the rightclickmenu> the future way to implement menu actions is to put the action information in standardactions and to implement the action as a class extending simplecommand should be very straight forward for some hints please have a look at my pr #5958 if you have questions just ask me im happy to help youhey @calixtus! it seems i need a few of the changes in api that you implemented in order to use the new style making it difficult to port the feature to the new style before your pr is merged specifically id need the new signature for `rightclickmenucreate` that you implemented in d1d74c7d4d12c81b1b324fc4f973f2f437b2bb83 as it includes the statemanager and the actionhelper methods you introduced in f664d10470572e00e1f5c91bbc3eec83853abb92 these commits dont seem particularly easy to cherry-pick without getting your other refactoring work and im not entirely sure if it is considered good practice to cherry-pick partial commits as i havent done that before   || yes maybe its better to wait until after the release of 50 its better not to introduce new features right now but to stabilize the current branch so we can release in some days and to put this feature into 51 || @stevensdavid you can base at @calixtuss branch if that works out or just merge his branch into your branch || i ended up merging @calixtuss branch into this one so the diff looks larger than it actually is as such this shouldnt be merged before #5958the code has been rewritten to use the new style and i have broken out the link generation into a separate method which now has a few test cases should the documentation and changelog be updated as part of this?edit: code style errors seem to be inherited from the merge and are not from new changes || i changed the base branch to `replace_deprecated` to enable reviewing the diff to  explanation: i mirrored the current state of  into the branch `replace_deprecated` by locally cloning @calixtuss fork (`git remote add calixtus ` `git fetch calixtus`) checking out the branch and pushing it to here (`origin`) || @koppor thank you for the feedback! ive pushed new commits that should resolve your comments
Matthias Mueller,bugfix for multiscreen,made following changes to solve multiscreen issue 5037:at jabrefgui:-  new local variable correctedwindowpos  to support saving of screendata- change in method openwindow to open window at the mainscreen if needed- made method printwindowstate() to print out windowposition data (if logger in debug mode)- made method  testexternalcoordinates() to test if window is on external screen- made method numberofmonitors() to test if external screen is connected( |-> numberofmonitors() finally replaced by screengetscreens()size())at jabrefpreferences: - made copy of the window position and size variables (recognised with _core)- made initialisation for the variables described above(made in accordance with an project on software engineering at university basel in cooperation with @unibas-marcelluethi)<!-- - all items with `` are still a todo-  `` - remove items not applicable-->-  change in changelogmd described (if applicable)-  ,|| thanks for the contribution please remove the travis integration as we recently switched to github actionsotherwise this looks good so far || thanks for the quick follow-up!
Giovanni Caldarola,,,
Weibao Fu,,,
Dawid Motyka,fix not escaping special characters in search pattern,"5892the error when searching for ""doi 101210/endrev/bnz006"" (or any phrases containing special javascript regular expression characters) is caused by not escaping special characters before passing search  pattern to javascript script used for highlighting words in preview view    #333 : 47]( title of the pr must not reference an issue because github does not support autolinking there--><!-- - all items with `` are still a todo-  `` - remove items not applicable-->-  change in changelogmd described (if applicable)-  -  -   ()-  [](   <https://githubcom/jabref/user-documentation/issues>",|| > a test would be greatok i will write a test || i think this is really great as well! thank you!
Nikolaus Koopmann,,,
LucasF,,,
Christoph, fix jstyle was invalid with default section at the start refactor open and save dialogs fix npe cases in filedialog configuration reimplement custom entry types dialog disable search when no library is opened disable search when no library is opened fix maintable not updated when changing entry type try to fix linux pdf opening again fix storing of custom jstyles fix inspire fetcher fix selecting custom export for copy to clipboard with uppercase file ext," ""6303adapted the error message to give a hint what is probably missingi also noticed a problem in eclipse when executing the l10n test it was missing an add-opens   link issues that are fixed eg """"fixes #333"""" link it eg """"fixes  title of the pr must not reference an issue because github does not support autolinking there--><!-- - go through the list below if a task has been completed mark it done by using ``- please dont remove any items just leave them unchecked if they are not applicable-->-  change in changelogmd described (if applicable)-  -  -   (for ui changes)-  [](  if not created an issue at < or even better submitted a pull request to the documentation repository"" complete refactoring of the ugly and propably outdated filedialogs codenewfiledialogs will be renamed when the work is doneatm i want to keep it paralleltodo:-  refactor getmultplefiles -  provide methods for other open and save dialogs -  replace openfilefilter with filenameextensionfilter    refactor browseaction to use new the methods-  test #1324  again add test for filedialogconfiguration builder2917    -->-  change in changelogmd described-  ~~-   ()~~~~-  manually tested changed features in running jabref~~-   ( [helpjabreforg](  if you changed the localization: did you run `gradle ate`?~~ 4719 very early draftfield type should be radio button to switch between optional/requiredtodo:-  add check for empty fields and types (prevent them with validator)( describe the changes you have made here:    #333 : 47]( title of the pr must not reference an issue because github does not support autolinking there--><!-- - all items with `` are still a todo-  `` - remove items not applicable-->-  change in changelogmd described (if applicable)-  -  -   ()-  [](   <https://githubcom/jabref/user-documentation/issues> and fix exception when getsearchresultsize returned nulli found this wile trying to reproduce hopefully 5897and fixes #5821    #333 : 47]( title of the pr must not reference an issue because github does not support autolinking there--><!-- - all items with `` are still a todo-  `` - remove items not applicable-->-  change in changelogmd described (if applicable)-  -  -   ()-  [](   <https://githubcom/jabref/user-documentation/issues> and fix exception when getsearchresultsize returned nulli found this wile trying to reproduce hopefully 5897and fixes #5821    #333 : 47]( title of the pr must not reference an issue because github does not support autolinking there--><!-- - all items with `` are still a todo-  `` - remove items not applicable-->-  change in changelogmd described (if applicable)-  -  -   ()-  [](   <https://githubcom/jabref/user-documentation/issues> 5906    #333 : 47]( title of the pr must not reference an issue because github does not support autolinking there--><!-- - all items with `` are still a todo-  `` - remove items not applicable-->-  change in changelogmd described (if applicable)-  -  -   ()-  [](   <https://githubcom/jabref/user-documentation/issues> 5942  and fixes probably #5882    #333 : 47]( title of the pr must not reference an issue because github does not support autolinking there--><!-- - all items with `` are still a todo-  `` - remove items not applicable-->-  change in changelogmd described (if applicable)-  -  -   ()-  [](   <https://githubcom/jabref/user-documentation/issues> 6170rename method for internalstyle    #333 : 47]( title of the pr must not reference an issue because github does not support autolinking there--><!-- - all items with `` are still a todo-  `` - remove items not applicable-->-  change in changelogmd described (if applicable)-  -  -   ()-  [](   <https://githubcom/jabref/user-documentation/issues> ""use application/x-bibtex header6229   link issues that are fixed eg """"fixes #333"""" link it eg """"fixes  title of the pr must not reference an issue because github does not support autolinking there--><!-- - go through the list below if a task has been completed mark it done by using ``- please dont remove any items just leave them unchecked if they are not applicable-->-  change in changelogmd described (if applicable)-  -  -   (for ui changes)-  [](  if not created an issue at < or even better submitted a pull request to the documentation repository"" ""6285   link issues that are fixed eg """"fixes #333"""" link it eg """"fixes  title of the pr must not reference an issue because github does not support autolinking there--><!-- - go through the list below if a task has been completed mark it done by using ``- please dont remove any items just leave them unchecked if they are not applicable-->-  change in changelogmd described (if applicable)-  -  -   (for ui changes)-  [](  if not created an issue at < or even better submitted a pull request to the documentation repository""","  || good idea to refactor the file dialogs :+1: just one small comment so far: could you please make the methods non-static (and probably move the passed frame to the constructor) in this way the code becomes more testable because the file dialog can be mocked away || @tobiasdiez  yes i already came up with a solution for this i will probably use some kind of factorpattern to create the dialogs that reduces the number of constructors/method overloads || ## [current coverage]( is **2754%**> merging 1336]( into [master]( will increase coverage by **+<01%**``` diff@@             master      #1336   diff @@  files           694        696     +2     lines         46262      46335    +73     methods           0          0            messages          0          0            branches       7649       7655     +6   + hits          12733      12759    +26   - misses        32432      32476    +44   - partials       1097       1100     +3   ```1 2 files (not in diff) in `va/net/sf/jabref/gui` were modified [more](    - misses `-2`    - partials `+3`    - hits `+22`2 1 files (not in diff) in `n/java/net/sf/jabref` were modified [more](    - hits `+4`3 file `clipboardactionjava` (not in diff) was created [more]( powered by [codecov]( last updated by [71eca695371fd4]( || what is the status here? id love to see these changes inside jabref 35! || unfortunately i have not that much time atm but i will try to see how far i get the next days mabye at the weekend i can get some time for it atm another project ist due on sunday) || got some time working on it || ready for review || i really like the new filedialog class and its fluent interface the code needs some cleanup in general (remove commented-out code and debug prints no abbreviations ) and then i think it is good to go || adressed comments @tobiasdiez  not sure if i understand you right on how i should handle the workingdir-prefs-stuffto me it does not make sense to pass the working dir to the constructor from an external call it would create unnecessary dependencies to the prefs  or what was your idea? || @oscargus  could you please have a look why the `cleanupcasesaddsbracketaroundaluminiumgalliumarsenid` test is failing?locally all is okay for me i have no idea what it could cause on travis  and i didnt touch any of the cleanup code in this pr  :confused:  "" || cool that you worked on this!as a suggestion i would not follow the original design very closely instead of having different lists for required and optional fields i would add one big list of all fields with a checkbox toggling between required/optional  || thanks for the idea that indeed sounds more practical maybe a radio button column  || question which just came to my mind: do we allow changing the default entry types and their fields? eg removing a field from an entry type like article?@koppor  || yes it was possible to add/remove fields from the built-in entry types || @tobiasdiez  what is the preferred way to add new fields to a an existing entry type?i saw the entrytypesmanager with  the `addcustomormodifiedtype`  but i am not sure if this is the right approach    || yes that methods sounds right i vaguely remember that the complete entry type had to be """"replaced"""" instead of only specifying the added/removed fields easiest way is probably to look at the original code || this looks really nice and is leagues above the original dialog in terms of user friendliness good job! || still a few things to do especially saving and removing all the fields back to the db and the prefs but at least adding to the gui already works (without any further effects) || @tobiasdiez  do you have an idea why the tableview content has these """"empty"""" fields when i change between a list with more and fewer fields? tableview is bound bidirecitonal to the fieldsfortypeproperty         thisfieldsfortypeproperty  new simplelistproperty<>(existingfieldsfortype)```        easybindsubscribe(selectedentrytypesproperty type -> {            if (type ! null) {                list<fieldviewmodel> typesforfield  typeswithfieldget(type)                existingfieldsfortypesetall(typesforfield)            }        })```( || the table view is programmed in such a way that always the complete visible table is filled with rows thus even if there is no data the toggle buttons moreover rows are reused (ie not re-created)i think it should suffice to add the check `item ! null` to  and perhaps add an else statement with `setgraphic(null)` || thanks! that worked! || `selected field null` in stdout when i open the dialog || @burrbull  thanks for your interest however this is still work in progress and not yet ready  especially saving is not yet implemented  || in `biblatex` mode there should be 3 position: `required` `optional` `optional2` || @burrbull  we want to drop the difference between optional and optional 2 field sin the long run we had already discussion about this in the past #2790 || hi a very useful functionality in 431 was the manual sorting (not only in alphabetical order) of the fields in the edit entry panel are you planning to implement this in this version? thanks for this nice work || general functionality is now ready loading saving and removing of types is possiblealso removing and adding fields to standard types is workingremoving standard entry types like article has no effect || can someone update builds? || @burrbull  we have currently some problems with our buildserver at buildsjabreforg however you can download it from here:  the top right corner click on artifacts:![grafik]( || bugwhen i try to move `optional` field to `required` whole `required` list emptiedi use biblatex || @burrbull  thanks for testing could you please add some more details on how to reproduce this`?what steps did you do where? || i think i found the problem working on it changes are not properly propagated || somehow the celledit event is not propagated to the listener here although the radiobuttoncell fires an event any idea where the problem could be @tobiasdiez ?code is adapted from here        fieldtypecolumnseteditable(true)        fieldtypecolumnsetoneditcommit((celleditevent<fieldviewmodel fieldtype> t) -> {            tgettableview()getitems()get(tgettableposition()getrow())setfieldtype(tgetnewvalue())        })``` || @burrbull  i fixed the issue with the switch between required and optional aso the modified types are correctly loaded again from the preferences when opening the dialog || regarding the gui i jave just one more question: by default the required and optional are not shown complete i already tried to reduce the size of the left column but that didnt really work (i hate those column resizing shit in javafx)![grafik]( || you can try to set a preferred width in  you increase the scene width || now i have```javalangruntimeexception: javalangreflectinvocationtargetexception	at orgjabrefmergedmodule/javafxfxmlfxmlloader$methodhandlerinvoke(unknown source)	at orgjabrefmergedmodule/javafxfxmlfxmlloader$controllermethodeventhandlerhandle(unknown source)	at orgjabrefmergedmodule/comsunjavafxeventcompositeeventhandlerdispatchbubblingevent(unknown source)	at orgjabrefmergedmodule/comsunjavafxeventeventhandlermanagerdispatchbubblingevent(unknown source)	at orgjabrefmergedmodule/comsunjavafxeventeventhandlermanagerdispatchbubblingevent(unknown source)	at orgjabrefmergedmodule/comsunjavafxeventcompositeeventdispatcherdispatchbubblingevent(unknown source)	at orgjabrefmergedmodule/comsunjavafxeventbasiceventdispatcherdispatchevent(unknown source)	at orgjabrefmergedmodule/comsunjavafxeventeventdispatchchainimpldispatchevent(unknown source)	at orgjabrefmergedmodule/comsunjavafxeventbasiceventdispatcherdispatchevent(unknown source)	at orgjabrefmergedmodule/comsunjavafxeventeventdispatchchainimpldispatchevent(unknown source)	at orgjabrefmergedmodule/comsunjavafxeventbasiceventdispatcherdispatchevent(unknown source)	at orgjabrefmergedmodule/comsunjavafxeventeventdispatchchainimpldispatchevent(unknown source)	at orgjabrefmergedmodule/comsunjavafxeventeventutilfireeventimpl(unknown source)	at orgjabrefmergedmodule/comsunjavafxeventeventutilfireevent(unknown source)	at orgjabrefmergedmodule/javafxeventeventfireevent(unknown source)	at orgjabrefmergedmodule/javafxscenenodefireevent(unknown source)	at orgjabrefmergedmodule/javafxscenecontrolbuttonfire(unknown source)	at orgjabrefmergedmodule/comsunjavafxscenecontrolbehaviorbuttonbehaviormousereleased(unknown source)	at orgjabrefmergedmodule/comsunjavafxscenecontrolinputmapinputmaphandle(unknown source)	at orgjabrefmergedmodule/comsunjavafxeventcompositeeventhandler$normaleventhandlerrecordhandlebubblingevent(unknown source)	at orgjabrefmergedmodule/comsunjavafxeventcompositeeventhandlerdispatchbubblingevent(unknown source)	at orgjabrefmergedmodule/comsunjavafxeventeventhandlermanagerdispatchbubblingevent(unknown source)	at orgjabrefmergedmodule/comsunjavafxeventeventhandlermanagerdispatchbubblingevent(unknown source)	at orgjabrefmergedmodule/comsunjavafxeventcompositeeventdispatcherdispatchbubblingevent(unknown source)	at orgjabrefmergedmodule/comsunjavafxeventbasiceventdispatcherdispatchevent(unknown source)	at orgjabrefmergedmodule/comsunjavafxeventeventdispatchchainimpldispatchevent(unknown source)	at orgjabrefmergedmodule/comsunjavafxeventbasiceventdispatcherdispatchevent(unknown source)	at orgjabrefmergedmodule/comsunjavafxeventeventdispatchchainimpldispatchevent(unknown source)	at orgjabrefmergedmodule/comsunjavafxeventbasiceventdispatcherdispatchevent(unknown source)	at orgjabrefmergedmodule/comsunjavafxeventeventdispatchchainimpldispatchevent(unknown source)	at orgjabrefmergedmodule/comsunjavafxeventeventutilfireeventimpl(unknown source)	at orgjabrefmergedmodule/comsunjavafxeventeventutilfireevent(unknown source)	at orgjabrefmergedmodule/javafxeventeventfireevent(unknown source)	at orgjabrefmergedmodule/javafxscenescene$mousehandlerprocess(unknown source)	at orgjabrefmergedmodule/javafxscenesceneprocessmouseevent(unknown source)	at orgjabrefmergedmodule/javafxscenescene$scenepeerlistenermouseevent(unknown source)	at orgjabrefmergedmodule/comsunjavafxtkquantumglassvieweventhandler$mouseeventnotificationrun(unknown source)	at orgjabrefmergedmodule/comsunjavafxtkquantumglassvieweventhandler$mouseeventnotificationrun(unknown source)	at javabase/javasecurityaccesscontrollerdoprivileged(unknown source)	at orgjabrefmergedmodule/comsunjavafxtkquantumglassvieweventhandlerlambda$handlemouseevent$2(unknown source)	at orgjabrefmergedmodule/comsunjavafxtkquantumquantumtoolkitrunwithoutrenderlock(unknown source)	at orgjabrefmergedmodule/comsunjavafxtkquantumglassvieweventhandlerhandlemouseevent(unknown source)	at orgjabrefmergedmodule/comsunglassuiviewhandlemouseevent(unknown source)	at orgjabrefmergedmodule/comsunglassuiviewnotifymouse(unknown source)	at orgjabrefmergedmodule/comsunglassuigtkgtkapplicationenternestedeventloopimpl(native method)	at orgjabrefmergedmodule/comsunglassuigtkgtkapplication_enternestedeventloop(unknown source)	at orgjabrefmergedmodule/comsunglassuiapplicationenternestedeventloop(unknown source)	at orgjabrefmergedmodule/comsunglassuieventloopenter(unknown source)	at orgjabrefmergedmodule/comsunjavafxtkquantumquantumtoolkitenternestedeventloop(unknown source)	at orgjabrefmergedmodule/javafxstagestageshowandwait(unknown source)	at orgjabrefmergedmodule/javafxscenecontrolheavyweightdialogshowandwait(unknown source)	at orgjabrefmergedmodule/javafxscenecontroldialogshowandwait(unknown source)	at orgjabref/orgjabrefguicustomentrytypescustomizeentryactionexecute(unknown source)	at orgjabref/orgjabrefguiactionsjabrefactionlambda$new$2(unknown source)	at orgjabrefmergedmodule/orgcontrolsfxcontrolactionactionhandle(unknown source)	at orgjabrefmergedmodule/orgcontrolsfxcontrolactionactionhandle(unknown source)	at orgjabrefmergedmodule/comsunjavafxeventcompositeeventhandlerdispatchbubblingevent(unknown source)	at orgjabrefmergedmodule/comsunjavafxeventeventhandlermanagerdispatchbubblingevent(unknown source)	at orgjabrefmergedmodule/comsunjavafxeventeventhandlermanagerdispatchbubblingevent(unknown source)	at orgjabrefmergedmodule/comsunjavafxeventbasiceventdispatcherdispatchevent(unknown source)	at orgjabrefmergedmodule/comsunjavafxeventeventdispatchchainimpldispatchevent(unknown source)	at orgjabrefmergedmodule/comsunjavafxeventeventutilfireeventimpl(unknown source)	at orgjabrefmergedmodule/comsunjavafxeventeventutilfireevent(unknown source)	at orgjabrefmergedmodule/javafxeventeventfireevent(unknown source)	at orgjabrefmergedmodule/javafxscenecontrolmenuitemfire(unknown source)	at orgjabrefmergedmodule/comsunjavafxscenecontrolcontextmenucontent$menuitemcontainerdoselect(unknown source)	at orgjabrefmergedmodule/comsunjavafxscenecontrolcontextmenucontent$menuitemcontainerlambda$createchildren$12(unknown source)	at orgjabrefmergedmodule/comsunjavafxeventcompositeeventhandler$normaleventhandlerrecordhandlebubblingevent(unknown source)	at orgjabrefmergedmodule/comsunjavafxeventcompositeeventhandlerdispatchbubblingevent(unknown source)	at orgjabrefmergedmodule/comsunjavafxeventeventhandlermanagerdispatchbubblingevent(unknown source)	at orgjabrefmergedmodule/comsunjavafxeventeventhandlermanagerdispatchbubblingevent(unknown source)	at orgjabrefmergedmodule/comsunjavafxeventcompositeeventdispatcherdispatchbubblingevent(unknown source)	at orgjabrefmergedmodule/comsunjavafxeventbasiceventdispatcherdispatchevent(unknown source)	at orgjabrefmergedmodule/comsunjavafxeventeventdispatchchainimpldispatchevent(unknown source)	at orgjabrefmergedmodule/comsunjavafxeventbasiceventdispatcherdispatchevent(unknown source)	at orgjabrefmergedmodule/comsunjavafxeventeventdispatchchainimpldispatchevent(unknown source)	at orgjabrefmergedmodule/comsunjavafxeventbasiceventdispatcherdispatchevent(unknown source)	at orgjabrefmergedmodule/comsunjavafxeventeventdispatchchainimpldispatchevent(unknown source)	at orgjabrefmergedmodule/comsunjavafxeventbasiceventdispatcherdispatchevent(unknown source)	at orgjabrefmergedmodule/comsunjavafxeventeventdispatchchainimpldispatchevent(unknown source)	at orgjabrefmergedmodule/comsunjavafxeventeventutilfireeventimpl(unknown source)	at orgjabrefmergedmodule/comsunjavafxeventeventutilfireevent(unknown source)	at orgjabrefmergedmodule/javafxeventeventfireevent(unknown source)	at orgjabrefmergedmodule/javafxscenescene$mousehandlerprocess(unknown source)	at orgjabrefmergedmodule/javafxscenesceneprocessmouseevent(unknown source)	at orgjabrefmergedmodule/javafxscenescene$scenepeerlistenermouseevent(unknown source)	at orgjabrefmergedmodule/comsunjavafxtkquantumglassvieweventhandler$mouseeventnotificationrun(unknown source)	at orgjabrefmergedmodule/comsunjavafxtkquantumglassvieweventhandler$mouseeventnotificationrun(unknown source)	at javabase/javasecurityaccesscontrollerdoprivileged(unknown source)	at orgjabrefmergedmodule/comsunjavafxtkquantumglassvieweventhandlerlambda$handlemouseevent$2(unknown source)	at orgjabrefmergedmodule/comsunjavafxtkquantumquantumtoolkitrunwithoutrenderlock(unknown source)	at orgjabrefmergedmodule/comsunjavafxtkquantumglassvieweventhandlerhandlemouseevent(unknown source)	at orgjabrefmergedmodule/comsunglassuiviewhandlemouseevent(unknown source)	at orgjabrefmergedmodule/comsunglassuiviewnotifymouse(unknown source)	at orgjabrefmergedmodule/comsunglassuigtkgtkapplication_runloop(native method)	at orgjabrefmergedmodule/comsunglassuigtkgtkapplicationlambda$runloop$11(unknown source)	at javabase/javalangthreadrun(unknown source)caused by: javalangreflectinvocationtargetexception	at javabase/jdkinternalreflectnativemethodaccessorimplinvoke0(native method)	at javabase/jdkinternalreflectnativemethodaccessorimplinvoke(unknown source)	at javabase/jdkinternalreflectdelegatingmethodaccessorimplinvoke(unknown source)	at javabase/javalangreflectmethodinvoke(unknown source)	at comsunjavafxreflecttrampolineinvoke(unknown source)	at jdkinternalreflectgeneratedmethodaccessor5invoke(unknown source)	at javabase/jdkinternalreflectdelegatingmethodaccessorimplinvoke(unknown source)	at javabase/javalangreflectmethodinvoke(unknown source)	at orgjabrefmergedmodule/comsunjavafxreflectmethodutilinvoke(unknown source)	at orgjabrefmergedmodule/comsunjavafxfxmlmethodhelperinvoke(unknown source)	 97 morecaused by: javalangruntimeexception: a bound value cannot be set	at orgjabrefmergedmodule/javafxbeanspropertyobjectpropertybaseset(unknown source)	at orgjabrefmergedmodule/javafxbeanspropertyobjectpropertysetvalue(unknown source)	at orgjabref/orgjabrefguicustomentrytypescustomentrytypedialogviewmodeladdnewfield(unknown source)	at orgjabref/orgjabrefguicustomentrytypescustomizeentrytypedialogviewaddnewfield(unknown source)	 107 more```when try to add new field || @siedlerchr one little remark: hovering the dustbin icon of eg the field """"doi"""" states """"remove field from entry type **doi**"""" which is not appropriate ||  @systemoperator  one question does the table update properly ( i am referring to the other bug) if you add a new type add a new field/remove a new field? || @burrbull  all errors fixed"" "" || jabref 50-beta409--2020-02-09--6a9c915linux 530-28-generic amd64 java 13021 close all libraries2 type abc in search box3 multiple """"uncaught exception"""" error messages pop up( at orgjabref/orgjabrefguisearchglobalsearchbarlambda$new$10(unknown source)	at javabase/javautiloptionalifpresent(unknown source)	at orgjabref/orgjabrefguisearchglobalsearchbarlambda$new$11(unknown source)	at orgjabrefmergedmodule/orgfxmisceasybindeasybindlambda$subscribe$12(unknown source)	at orgjabrefmergedmodule/comsunjavafxbindingexpressionhelper$genericfirevaluechangedevent(unknown source)	at orgjabrefmergedmodule/comsunjavafxbindingexpressionhelperfirevaluechangedevent(unknown source)	at orgjabrefmergedmodule/javafxbeanspropertyobjectpropertybasefirevaluechangedevent(unknown source)	at orgjabrefmergedmodule/javafxbeanspropertyobjectpropertybasemarkinvalid(unknown source)	at orgjabrefmergedmodule/javafxbeanspropertyobjectpropertybaseset(unknown source)	at orgjabrefmergedmodule/javafxbeanspropertyobjectpropertysetvalue(unknown source)	at orgjabref/orgjabrefguistatemanagersetsearchquery(unknown source)	at orgjabref/orgjabrefguisearchglobalsearchbarperformsearch(unknown source)	at orgjabrefmergedmodule/orgreactfxutilfxtimerlambda$restart$0(unknown source)	at orgjabrefmergedmodule/comsunscenarioanimationsharedtimelineclipcorevisitkeyframe(unknown source)	at orgjabrefmergedmodule/comsunscenarioanimationsharedtimelineclipcoreplayto(unknown source)	at orgjabrefmergedmodule/javafxanimationtimelinedoplayto(unknown source)	at orgjabrefmergedmodule/javafxanimationanimationaccessorimplplayto(unknown source)	at orgjabrefmergedmodule/comsunscenarioanimationsharedsingleloopclipenvelopetimepulse(unknown source)	at orgjabrefmergedmodule/javafxanimationanimationdotimepulse(unknown source)	at orgjabrefmergedmodule/javafxanimationanimation$1lambda$timepulse$0(unknown source)	at javabase/javasecurityaccesscontrollerdoprivileged(unknown source)	at orgjabrefmergedmodule/javafxanimationanimation$1timepulse(unknown source)	at orgjabrefmergedmodule/comsunscenarioanimationabstractmastertimertimepulseimpl(unknown source)	at orgjabrefmergedmodule/comsunscenarioanimationabstractmastertimer$mainlooprun(unknown source)	at orgjabrefmergedmodule/comsunjavafxtkquantumquantumtoolkitpulse(unknown source)	at orgjabrefmergedmodule/comsunjavafxtkquantumquantumtoolkitpulse(unknown source)	at orgjabrefmergedmodule/comsunjavafxtkquantumquantumtoolkitpulsefromqueue(unknown source)	at orgjabrefmergedmodule/comsunjavafxtkquantumquantumtoolkitlambda$runtoolkit$11(unknown source)	at orgjabrefmergedmodule/comsunglassuiinvokelaterdispatcher$futurerun(unknown source)	at orgjabrefmergedmodule/comsunglassuigtkgtkapplicationenternestedeventloopimpl(native method)	at orgjabrefmergedmodule/comsunglassuigtkgtkapplication_enternestedeventloop(unknown source)	at orgjabrefmergedmodule/comsunglassuiapplicationenternestedeventloop(unknown source)	at orgjabrefmergedmodule/comsunglassuieventloopenter(unknown source)	at orgjabrefmergedmodule/comsunjavafxtkquantumquantumtoolkitenternestedeventloop(unknown source)	at orgjabrefmergedmodule/javafxstagestageshowandwait(unknown source)	at orgjabrefmergedmodule/javafxscenecontrolheavyweightdialogshowandwait(unknown source)	at orgjabrefmergedmodule/javafxscenecontroldialogshowandwait(unknown source)	at orgjabref/orgjabrefguijabrefdialogserviceshowerrordialogandwait(unknown source)	at orgjabref/orgjabreffallbackexceptionhandlerlambda$uncaughtexception$0(unknown source)	at orgjabrefmergedmodule/comsunjavafxapplicationplatformimpllambda$runlater$10(unknown source)	at javabase/javasecurityaccesscontrollerdoprivileged(unknown source)	at orgjabrefmergedmodule/comsunjavafxapplicationplatformimpllambda$runlater$11(unknown source)	at orgjabrefmergedmodule/comsunglassuiinvokelaterdispatcher$futurerun(unknown source)	at orgjabrefmergedmodule/comsunglassuigtkgtkapplicationenternestedeventloopimpl(native method)	at orgjabrefmergedmodule/comsunglassuigtkgtkapplication_enternestedeventloop(unknown source)	at orgjabrefmergedmodule/comsunglassuiapplicationenternestedeventloop(unknown source)	at orgjabrefmergedmodule/comsunglassuieventloopenter(unknown source)	at orgjabrefmergedmodule/comsunjavafxtkquantumquantumtoolkitenternestedeventloop(unknown source)	at orgjabrefmergedmodule/javafxstagestageshowandwait(unknown source)	at orgjabrefmergedmodule/javafxscenecontrolheavyweightdialogshowandwait(unknown source)	at orgjabrefmergedmodule/javafxscenecontroldialogshowandwait(unknown source)	at orgjabref/orgjabrefguijabrefdialogserviceshowerrordialogandwait(unknown source)	at orgjabref/orgjabreffallbackexceptionhandlerlambda$uncaughtexception$0(unknown source)	at orgjabrefmergedmodule/comsunjavafxapplicationplatformimpllambda$runlater$10(unknown source)	at javabase/javasecurityaccesscontrollerdoprivileged(unknown source)	at orgjabrefmergedmodule/comsunjavafxapplicationplatformimpllambda$runlater$11(unknown source)	at orgjabrefmergedmodule/comsunglassuiinvokelaterdispatcher$futurerun(unknown source)	at orgjabrefmergedmodule/comsunglassuigtkgtkapplicationenternestedeventloopimpl(native method)	at orgjabrefmergedmodule/comsunglassuigtkgtkapplication_enternestedeventloop(unknown source)	at orgjabrefmergedmodule/comsunglassuiapplicationenternestedeventloop(unknown source)	at orgjabrefmergedmodule/comsunglassuieventloopenter(unknown source)	at orgjabrefmergedmodule/comsunjavafxtkquantumquantumtoolkitenternestedeventloop(unknown source)	at orgjabrefmergedmodule/javafxstagestageshowandwait(unknown source)	at orgjabrefmergedmodule/javafxscenecontrolheavyweightdialogshowandwait(unknown source)	at orgjabrefmergedmodule/javafxscenecontroldialogshowandwait(unknown source)	at orgjabref/orgjabrefguijabrefdialogserviceshowerrordialogandwait(unknown source)	at orgjabref/orgjabreffallbackexceptionhandlerlambda$uncaughtexception$0(unknown source)	at orgjabrefmergedmodule/comsunjavafxapplicationplatformimpllambda$runlater$10(unknown source)	at javabase/javasecurityaccesscontrollerdoprivileged(unknown source)	at orgjabrefmergedmodule/comsunjavafxapplicationplatformimpllambda$runlater$11(unknown source)	at orgjabrefmergedmodule/comsunglassuiinvokelaterdispatcher$futurerun(unknown source)	at orgjabrefmergedmodule/comsunglassuigtkgtkapplication_runloop(native method)	at orgjabrefmergedmodule/comsunglassuigtkgtkapplicationlambda$runloop$11(unknown source)	at javabase/javalangthreadrun(unknown source)``` || seems like you still have an old version from yesterday this is fixed in todays version  || i hope so!  the version of 10 feb isnt downloadable yet  ill report back when ive tried it || @wujastyk  unfortunately we currently have no space left on our build server however you can download a version from here https://githubcom/jabref/jabref/actions/runs/37249397"" "" || jabref 50-beta409--2020-02-09--6a9c915linux 530-28-generic amd64 java 13021 close all libraries2 type abc in search box3 multiple """"uncaught exception"""" error messages pop up( at orgjabref/orgjabrefguisearchglobalsearchbarlambda$new$10(unknown source)	at javabase/javautiloptionalifpresent(unknown source)	at orgjabref/orgjabrefguisearchglobalsearchbarlambda$new$11(unknown source)	at orgjabrefmergedmodule/orgfxmisceasybindeasybindlambda$subscribe$12(unknown source)	at orgjabrefmergedmodule/comsunjavafxbindingexpressionhelper$genericfirevaluechangedevent(unknown source)	at orgjabrefmergedmodule/comsunjavafxbindingexpressionhelperfirevaluechangedevent(unknown source)	at orgjabrefmergedmodule/javafxbeanspropertyobjectpropertybasefirevaluechangedevent(unknown source)	at orgjabrefmergedmodule/javafxbeanspropertyobjectpropertybasemarkinvalid(unknown source)	at orgjabrefmergedmodule/javafxbeanspropertyobjectpropertybaseset(unknown source)	at orgjabrefmergedmodule/javafxbeanspropertyobjectpropertysetvalue(unknown source)	at orgjabref/orgjabrefguistatemanagersetsearchquery(unknown source)	at orgjabref/orgjabrefguisearchglobalsearchbarperformsearch(unknown source)	at orgjabrefmergedmodule/orgreactfxutilfxtimerlambda$restart$0(unknown source)	at orgjabrefmergedmodule/comsunscenarioanimationsharedtimelineclipcorevisitkeyframe(unknown source)	at orgjabrefmergedmodule/comsunscenarioanimationsharedtimelineclipcoreplayto(unknown source)	at orgjabrefmergedmodule/javafxanimationtimelinedoplayto(unknown source)	at orgjabrefmergedmodule/javafxanimationanimationaccessorimplplayto(unknown source)	at orgjabrefmergedmodule/comsunscenarioanimationsharedsingleloopclipenvelopetimepulse(unknown source)	at orgjabrefmergedmodule/javafxanimationanimationdotimepulse(unknown source)	at orgjabrefmergedmodule/javafxanimationanimation$1lambda$timepulse$0(unknown source)	at javabase/javasecurityaccesscontrollerdoprivileged(unknown source)	at orgjabrefmergedmodule/javafxanimationanimation$1timepulse(unknown source)	at orgjabrefmergedmodule/comsunscenarioanimationabstractmastertimertimepulseimpl(unknown source)	at orgjabrefmergedmodule/comsunscenarioanimationabstractmastertimer$mainlooprun(unknown source)	at orgjabrefmergedmodule/comsunjavafxtkquantumquantumtoolkitpulse(unknown source)	at orgjabrefmergedmodule/comsunjavafxtkquantumquantumtoolkitpulse(unknown source)	at orgjabrefmergedmodule/comsunjavafxtkquantumquantumtoolkitpulsefromqueue(unknown source)	at orgjabrefmergedmodule/comsunjavafxtkquantumquantumtoolkitlambda$runtoolkit$11(unknown source)	at orgjabrefmergedmodule/comsunglassuiinvokelaterdispatcher$futurerun(unknown source)	at orgjabrefmergedmodule/comsunglassuigtkgtkapplicationenternestedeventloopimpl(native method)	at orgjabrefmergedmodule/comsunglassuigtkgtkapplication_enternestedeventloop(unknown source)	at orgjabrefmergedmodule/comsunglassuiapplicationenternestedeventloop(unknown source)	at orgjabrefmergedmodule/comsunglassuieventloopenter(unknown source)	at orgjabrefmergedmodule/comsunjavafxtkquantumquantumtoolkitenternestedeventloop(unknown source)	at orgjabrefmergedmodule/javafxstagestageshowandwait(unknown source)	at orgjabrefmergedmodule/javafxscenecontrolheavyweightdialogshowandwait(unknown source)	at orgjabrefmergedmodule/javafxscenecontroldialogshowandwait(unknown source)	at orgjabref/orgjabrefguijabrefdialogserviceshowerrordialogandwait(unknown source)	at orgjabref/orgjabreffallbackexceptionhandlerlambda$uncaughtexception$0(unknown source)	at orgjabrefmergedmodule/comsunjavafxapplicationplatformimpllambda$runlater$10(unknown source)	at javabase/javasecurityaccesscontrollerdoprivileged(unknown source)	at orgjabrefmergedmodule/comsunjavafxapplicationplatformimpllambda$runlater$11(unknown source)	at orgjabrefmergedmodule/comsunglassuiinvokelaterdispatcher$futurerun(unknown source)	at orgjabrefmergedmodule/comsunglassuigtkgtkapplicationenternestedeventloopimpl(native method)	at orgjabrefmergedmodule/comsunglassuigtkgtkapplication_enternestedeventloop(unknown source)	at orgjabrefmergedmodule/comsunglassuiapplicationenternestedeventloop(unknown source)	at orgjabrefmergedmodule/comsunglassuieventloopenter(unknown source)	at orgjabrefmergedmodule/comsunjavafxtkquantumquantumtoolkitenternestedeventloop(unknown source)	at orgjabrefmergedmodule/javafxstagestageshowandwait(unknown source)	at orgjabrefmergedmodule/javafxscenecontrolheavyweightdialogshowandwait(unknown source)	at orgjabrefmergedmodule/javafxscenecontroldialogshowandwait(unknown source)	at orgjabref/orgjabrefguijabrefdialogserviceshowerrordialogandwait(unknown source)	at orgjabref/orgjabreffallbackexceptionhandlerlambda$uncaughtexception$0(unknown source)	at orgjabrefmergedmodule/comsunjavafxapplicationplatformimpllambda$runlater$10(unknown source)	at javabase/javasecurityaccesscontrollerdoprivileged(unknown source)	at orgjabrefmergedmodule/comsunjavafxapplicationplatformimpllambda$runlater$11(unknown source)	at orgjabrefmergedmodule/comsunglassuiinvokelaterdispatcher$futurerun(unknown source)	at orgjabrefmergedmodule/comsunglassuigtkgtkapplicationenternestedeventloopimpl(native method)	at orgjabrefmergedmodule/comsunglassuigtkgtkapplication_enternestedeventloop(unknown source)	at orgjabrefmergedmodule/comsunglassuiapplicationenternestedeventloop(unknown source)	at orgjabrefmergedmodule/comsunglassuieventloopenter(unknown source)	at orgjabrefmergedmodule/comsunjavafxtkquantumquantumtoolkitenternestedeventloop(unknown source)	at orgjabrefmergedmodule/javafxstagestageshowandwait(unknown source)	at orgjabrefmergedmodule/javafxscenecontrolheavyweightdialogshowandwait(unknown source)	at orgjabrefmergedmodule/javafxscenecontroldialogshowandwait(unknown source)	at orgjabref/orgjabrefguijabrefdialogserviceshowerrordialogandwait(unknown source)	at orgjabref/orgjabreffallbackexceptionhandlerlambda$uncaughtexception$0(unknown source)	at orgjabrefmergedmodule/comsunjavafxapplicationplatformimpllambda$runlater$10(unknown source)	at javabase/javasecurityaccesscontrollerdoprivileged(unknown source)	at orgjabrefmergedmodule/comsunjavafxapplicationplatformimpllambda$runlater$11(unknown source)	at orgjabrefmergedmodule/comsunglassuiinvokelaterdispatcher$futurerun(unknown source)	at orgjabrefmergedmodule/comsunglassuigtkgtkapplication_runloop(native method)	at orgjabrefmergedmodule/comsunglassuigtkgtkapplicationlambda$runloop$11(unknown source)	at javabase/javalangthreadrun(unknown source)``` || seems like you still have an old version from yesterday this is fixed in todays version  || i hope so!  the version of 10 feb isnt downloadable yet  ill report back when ive tried it || @wujastyk  unfortunately we currently have no space left on our build server however you can download a version from here https://githubcom/jabref/jabref/actions/runs/37249397""  || could you please try again with the newest version from this branch?i forgot one method   "
Catarina Gomes,,,
Fabio Marcos,,,
Dario Safa,,,
Abhishekkumar Rai (abhishekjr),fix local db and shared db sync #2284,   -->fixed database sync issue while syncing with shared db there was no listener for groupupdateevent but there is metadata listenertwo scenarios : -1 either we can add groupupdateevent listener2 or we can reused metadata listener (as groupupdate is also part of metadata) i have used 2 scenario as per code reuse i just added a post event to metadata-  change in changelogmd described-  -   ()-  manually tested changed features in running jabref-   ( [helpjabreforg](  if you changed the localization: did you run `gradle ate`?,|| cool stuff! thanks for your contribution! will check and test it tomorrow || there are free cloud offerings to test - see  am currently not using the shared database feature but i think this fixes  and presumably also  @tgkolda  @fab7c4 could you comment whether the jabref build at  works for you?
